Gene,Perturbed_BDM
RPS4Y1,0.0
EIF1AY,0.0
DDX3Y,0.0
IGHG4,0.0
MRC1,76.4442500701432
ENPP2,171.04143722755947
HRK,0.0
IGHG1,0.0
SLC25A21,0.0
PKLR,48.64656898898454
PKIB,0.0
PF4,0.0
KIAA1217,0.0
PPBP,0.0
VPREB1,49.47182697124447
CFAP73,0.0
IGLL5,0.0
HOXA4,0.0
TSPAN2,0.0
LCT,0.0
C1QC,0.0
SLC9A3R2,0.0
AL592430.1,0.0
PTGES,0.0
TBC1D16,0.0
IL2RA,0.0
SELPLG,0.0
HAL,0.0
GGT5,0.0
UTS2,0.0
NKX2-3,0.0
MARC1,0.0
DEGS2,0.0
DTNA,0.0
OLFML2A,0.0
FAM81B,0.0
ARTN,0.0
TRBVB,0.0
METTL7B,0.0
ADGRA2,0.0
VLDLR,0.0
HPD,0.0
RAB3IL1,0.0
CRYGD,0.0
MGP,0.0
VWA1,0.0
UPK3A,27.37589138609121
AC074327.1,0.0
IGHG3,0.0
ROR1,0.0
MIR503HG,0.0
CLDN10,0.0
CD24,95.33762388787312
CCL2,0.0
RASSF4,0.0
RNASE6,28.32869973873028
SNAI3-AS1,0.0
AC245128.3,0.0
NOV,0.0
LAMP5,27.163559799853317
LDLRAD2,0.0
LINC01336,0.0
HOXB-AS3,0.0
EPCAM,48.64656898898454
C5AR1,0.0
KRT17,0.0
CRYM,0.0
PRTN3,0.0
ACTA2,0.0
KIF17,0.0
LYZ,28.541031324968117
NRG4,0.0
LCN6,0.0
PRICKLE1,0.0
NFIA,0.0
UTF1,0.0
DHRS9,48.64656898898454
LINC02147,0.0
DTX1,0.0
RBPMS,0.0
RPS6KL1,0.0
NEGR1,0.0
HCAR2,0.0
NECAB1,0.0
MIR4458HG,0.0
SASH1,0.0
PRSS21,0.0
PHLDA3,0.0
CD1C,0.0
ECM1,0.0
LAMA5,0.0
BEND6,0.0
CD14,0.0
HTR7,0.0
BLK,0.0
CD180,0.0
GOLGA8M,0.0
PLEKHG1,0.0
AP000547.3,0.0
VPREB3,47.51629674371031
