"source","term_name","term_id","highlighted","adjusted_p_value","negative_log10_of_adjusted_p_value","term_size","query_size","intersection_size","effective_domain_size","intersections"
"GO:MF","calcium ion binding","GO:0005509","true","1.832873150430885e-9","8.736867590670185","726","19","11","20212","PCDHA2,PCDHA1,PCDHA3,PCDHA5,PCDHA6,PCDHA7,PCDHA8,PCDHA10,PCDHA11,PCDHA13,PCDHB3"
"GO:MF","cation binding","GO:0043169","false","0.0000037452380075114796","5.426520577947314","4444","19","16","20212","PCDHA2,HTR2A,SLC1A6,ITLN2,PCDHA1,PCDHA3,PCDHA5,CYP4F8,CYP4F12,PCDHA6,PCDHA7,PCDHA8,PCDHA10,PCDHA11,PCDHA13,PCDHB3"
"GO:MF","metal ion binding","GO:0046872","false","0.000040905734589213076","4.388215803829553","4354","19","15","20212","PCDHA2,SLC1A6,ITLN2,PCDHA1,PCDHA3,PCDHA5,CYP4F8,CYP4F12,PCDHA6,PCDHA7,PCDHA8,PCDHA10,PCDHA11,PCDHA13,PCDHB3"
"GO:MF","ion binding","GO:0043167","false","0.0004932421996005428","3.306939774189766","6146","19","16","20212","PCDHA2,HTR2A,SLC1A6,ITLN2,PCDHA1,PCDHA3,PCDHA5,CYP4F8,CYP4F12,PCDHA6,PCDHA7,PCDHA8,PCDHA10,PCDHA11,PCDHA13,PCDHB3"
"GO:MF","small molecule binding","GO:0036094","false","0.0008126619688039818","3.0900900640136792","6357","19","16","20212","PCDHA2,HTR2A,SLC1A6,ITLN2,PCDHA1,PCDHA3,PCDHA5,CYP4F8,CYP4F12,PCDHA6,PCDHA7,PCDHA8,PCDHA10,PCDHA11,PCDHA13,PCDHB3"
"GO:MF","alkane 1-monooxygenase activity","GO:0018685","true","0.0022110899203851148","2.6553935952173173","5","19","2","20212","CYP4F8,CYP4F12"
"GO:MF","oxidoreductase activity, acting on paired donors, with incorporation or reduction of molecular oxygen, reduced iron-sulfur protein as one donor, and incorporation of one atom of oxygen","GO:0016713","false","0.007942086363204438","2.1000653946759136","9","19","2","20212","CYP4F8,CYP4F12"
"GO:BP","homophilic cell adhesion via plasma membrane adhesion molecules","GO:0007156","true","1.2609158646082187e-18","17.89931389102836","168","18","12","21031","PCDHA2,MYOT,PCDHA1,PCDHA3,PCDHA5,PCDHA6,PCDHA7,PCDHA8,PCDHA10,PCDHA11,PCDHA13,PCDHB3"
"GO:BP","cell-cell adhesion via plasma-membrane adhesion molecules","GO:0098742","false","6.618858748962992e-16","15.179216886958404","280","18","12","21031","PCDHA2,MYOT,PCDHA1,PCDHA3,PCDHA5,PCDHA6,PCDHA7,PCDHA8,PCDHA10,PCDHA11,PCDHA13,PCDHB3"
"GO:BP","cell-cell adhesion","GO:0098609","false","1.4478665537026404e-9","8.839271464148041","946","18","12","21031","PCDHA2,MYOT,PCDHA1,PCDHA3,PCDHA5,PCDHA6,PCDHA7,PCDHA8,PCDHA10,PCDHA11,PCDHA13,PCDHB3"
"GO:BP","cell adhesion","GO:0007155","false","3.529864343679396e-7","6.452241984675503","1512","18","12","21031","PCDHA2,MYOT,PCDHA1,PCDHA3,PCDHA5,PCDHA6,PCDHA7,PCDHA8,PCDHA10,PCDHA11,PCDHA13,PCDHB3"
"GO:BP","nervous system development","GO:0007399","true","0.00012965373801262286","3.887214957684809","2531","18","12","21031","GDF6,PCDHA2,MYOT,PCDHA1,PCDHA3,PCDHA5,PCDHA6,PCDHA7,PCDHA8,PCDHA10,PCDHA11,PCDHB3"
"GO:BP","system development","GO:0048731","false","0.018857581496609353","1.72451400672212","3973","18","12","21031","GDF6,PCDHA2,MYOT,PCDHA1,PCDHA3,PCDHA5,PCDHA6,PCDHA7,PCDHA8,PCDHA10,PCDHA11,PCDHB3"
"GO:CC","plasma membrane","GO:0005886","true","0.000027775077941451894","4.556344713683405","5742","19","16","22097","PCDHA2,HTR2A,MYOT,SLC1A6,STOML3,PCDHA1,PCDHA3,PCDHA5,CYP4F12,PCDHA6,PCDHA7,PCDHA8,PCDHA10,PCDHA11,PCDHA13,PCDHB3"
"GO:CC","cell periphery","GO:0071944","false","0.00009393873968370157","4.027155270766412","6228","19","16","22097","PCDHA2,HTR2A,MYOT,SLC1A6,STOML3,PCDHA1,PCDHA3,PCDHA5,CYP4F12,PCDHA6,PCDHA7,PCDHA8,PCDHA10,PCDHA11,PCDHA13,PCDHB3"
"GO:CC","membrane","GO:0016020","false","0.009843397517182181","2.0068549759292704","9864","19","17","22097","PCDHA2,HTR2A,MYOT,SLC1A6,STOML3,PCDHA1,PCDHA3,PCDHA5,CYP4F8,CYP4F12,PCDHA6,PCDHA7,PCDHA8,PCDHA10,PCDHA11,PCDHA13,PCDHB3"
"REAC","Eicosanoids","REAC:R-HSA-211979","false","0.002155709911865215","2.6664096814038825","12","5","2","10842","CYP4F8,CYP4F12"
"REAC","Fatty acids","REAC:R-HSA-211935","false","0.003427639614943908","2.465004846453887","15","5","2","10842","CYP4F8,CYP4F12"
"WP","Oxidation by cytochrome P450","WP:WP43","false","0.024800376581474246","1.6055417245764227","62","4","2","8286","CYP4F8,CYP4F12"
"TF","Factor: ZNF2; motif: NSATCGATCCGA","TF:M06624","false","5.882751382053544e-12","11.230419505459878","75","20","8","20045","PCDHA2,PCDHA1,PCDHA5,PCDHA6,PCDHA7,PCDHA8,PCDHA11,PCDHA13"
"TF","Factor: Oct-1; motif: CWNAWTKWSATRYN; match class: 1","TF:M00162_1","false","1.3007359403666372e-9","8.88581085968846","543","20","11","20045","PCDHA2,MYOT,PCDHA1,PCDHA3,PCDHA5,PCDHA6,PCDHA7,PCDHA8,PCDHA10,PCDHA11,PCDHA13"
"TF","Factor: Oct-1; motif: CWNAWTKWSATRYN","TF:M00162","false","0.0000059875224076099284","5.222752848277483","3648","20","16","20045","PCDHA2,HTR2A,MYOT,SLC1A6,STOML3,ITLN2,PCDHA1,PCDHA3,PCDHA5,PCDHA6,PCDHA7,PCDHA8,PCDHA10,PCDHA11,PCDHA13,PCDHB3"
"TF","Factor: Foxm1; motif: NTGTTTRT","TF:M07255","false","0.0006146834020995482","3.21134851369531","5835","20","17","20045","PCDHA2,HTR2A,MYOT,FAM216B,SLC1A6,STOML3,ITLN2,PCDHA1,PCDHA3,PCDHA5,PCDHA6,PCDHA7,PCDHA8,PCDHA10,PCDHA11,PCDHA13,PCDHB3"
"TF","Factor: CDP; motif: ATCGATNNNNNATCRAT","TF:M03950","false","0.0006914865646521401","3.1602162536662","4231","20","15","20045","GDF6,HTR2A,MYOT,FAM216B,SLC1A6,ITLN2,PCDHA1,PCDHA3,PCDHA5,PCDHA7,PCDHA8,PCDHA10,PCDHA11,PCDHA13,PCDHB3"
"TF","Factor: OCT-2; motif: ATGMATATGCWAAT","TF:M08836","false","0.0012916509726987936","2.8888548246606005","3718","20","14","20045","PCDHA2,MYOT,FAM216B,SLC1A6,STOML3,ITLN2,PCDHA1,PCDHA3,PCDHA5,PCDHA6,PCDHA8,PCDHA10,PCDHA11,PCDHB3"
"TF","Factor: HMGIY; motif: NNKKNAWTTTNYTNN; match class: 1","TF:M01010_1","false","0.0018996383149185397","2.721329079461737","3184","20","13","20045","HTR2A,FAM216B,STOML3,ITLN2,PCDHA1,PCDHA3,PCDHA5,PCDHA6,PCDHA7,PCDHA8,PCDHA10,PCDHA11,PCDHA13"
"TF","Factor: MITF; motif: NNCACATGNNN","TF:M07050","false","0.0030070031608828785","2.5218661153802704","632","20","7","20045","PCDHA2,FAM216B,PCDHA1,PCDHA3,PCDHA7,PCDHA8,PCDHA10"
"TF","Factor: POU3F2; motif: TAATKAGNNNNTAATKA; match class: 1","TF:M11908_1","false","0.003154078151743048","2.501127549925867","1298","20","9","20045","HTR2A,MYOT,ITLN2,PCDHA1,PCDHA3,PCDHA5,PCDHA6,PCDHA11,PCDHB3"
"TF","Factor: HSF1; motif: GAANNTTCTNGN","TF:M07459","false","0.004897774417892429","2.3100012215225814","3451","20","13","20045","PCDHA2,ITLN2,PCDHA1,PCDHA3,PCDHA5,CYP4F12,PCDHA6,PCDHA7,PCDHA8,PCDHA10,PCDHA11,PCDHA13,PCDHB3"
"TF","Factor: HOXD8; motif: RTCRTTAN","TF:M10723","false","0.008330191068362176","2.079345037130583","4308","20","14","20045","PCDHA2,MYOT,ITLN2,PCDHA1,PCDHA3,PCDHA5,CYP4F8,PCDHA6,PCDHA7,PCDHA8,PCDHA10,PCDHA11,PCDHA13,PCDHB3"
"TF","Factor: hoxd1; motif: NTCRTTAN","TF:M10755","false","0.008564518892193175","2.067297028300831","2990","20","12","20045","PCDHA2,ITLN2,PCDHA1,PCDHA3,PCDHA5,CYP4F8,PCDHA6,PCDHA7,PCDHA8,PCDHA10,PCDHA11,PCDHA13"
"TF","Factor: HOXB7; motif: GTCRTTAN","TF:M10686","false","0.013733351186126133","1.8622234741211618","3771","20","13","20045","PCDHA2,ITLN2,PCDHA1,PCDHA3,PCDHA5,CYP4F8,PCDHA6,PCDHA7,PCDHA8,PCDHA10,PCDHA11,PCDHA13,PCDHB3"
"TF","Factor: Dlx-6; motif: NTCRTTAN","TF:M10593","false","0.017070967243475267","1.767741870999902","7211","20","17","20045","PCDHA2,HTR2A,MYOT,SLC1A6,STOML3,ITLN2,PCDHA1,PCDHA3,PCDHA5,CYP4F8,PCDHA6,PCDHA7,PCDHA8,PCDHA10,PCDHA11,PCDHA13,PCDHB3"
"TF","Factor: HOXB6; motif: GTCGTTAN","TF:M10692","false","0.022189513008224606","1.6538522290956903","5463","20","15","20045","PCDHA2,MYOT,STOML3,ITLN2,PCDHA1,PCDHA3,PCDHA5,CYP4F8,PCDHA6,PCDHA7,PCDHA8,PCDHA10,PCDHA11,PCDHA13,PCDHB3"
"TF","Factor: Sox-10; motif: AACAATGGNCCATTGTT; match class: 1","TF:M11633_1","false","0.023100402437359526","1.6363804540991052","3281","20","12","20045","PCDHA2,HTR2A,ITLN2,PCDHA1,PCDHA3,PCDHA5,PCDHA6,PCDHA7,PCDHA8,PCDHA10,PCDHA11,PCDHA13"
"TF","Factor: HOXB8; motif: RTCRTTAN","TF:M10727","false","0.025124241765763868","1.599907036115283","6404","20","16","20045","PCDHA2,HTR2A,MYOT,STOML3,ITLN2,PCDHA1,PCDHA3,PCDHA5,CYP4F8,PCDHA6,PCDHA7,PCDHA8,PCDHA10,PCDHA11,PCDHA13,PCDHB3"
"TF","Factor: HOXC-8; motif: RTCRTTAN","TF:M10729","false","0.027516246998071484","1.5604108007845081","4006","20","13","20045","PCDHA2,MYOT,ITLN2,PCDHA1,PCDHA3,PCDHA5,CYP4F8,PCDHA6,PCDHA7,PCDHA8,PCDHA10,PCDHA11,PCDHA13"
"TF","Factor: HOXA6; motif: RTCRTTAN","TF:M10695","false","0.03644238695966033","1.4383931846776774","6573","20","16","20045","PCDHA2,HTR2A,MYOT,STOML3,ITLN2,PCDHA1,PCDHA3,PCDHA5,CYP4F8,PCDHA6,PCDHA7,PCDHA8,PCDHA10,PCDHA11,PCDHA13,PCDHB3"
"TF","Factor: T3R-beta; motif: NTGACCTNRNYNAGGTCAN; match class: 1","TF:M11820_1","false","0.04029435964905034","1.3947557415692986","4892","20","14","20045","PCDHA2,HTR2A,STOML3,ITLN2,PCDHA1,PCDHA3,PCDHA5,CYP4F8,CYP4F12,PCDHA6,PCDHA8,PCDHA10,PCDHA11,PCDHA13"
"TF","Factor: ZID; motif: NGGNGCTGGAGCCNS","TF:M10533","false","0.044853723974951576","1.348201493876696","1793","20","9","20045","PCDHA2,PCDHA3,PCDHA5,PCDHA6,PCDHA7,PCDHA8,PCDHA10,PCDHA11,PCDHA13"
"MIRNA","hsa-miR-221-3p","MIRNA:hsa-miR-221-3p","false","5.566140949312572e-10","9.254445800385442","366","17","10","14819","PCDHA2,PCDHA1,PCDHA3,PCDHA5,PCDHA6,PCDHA7,PCDHA8,PCDHA10,PCDHA11,PCDHA13"
"MIRNA","hsa-miR-181a-5p","MIRNA:hsa-miR-181a-5p","false","3.198839652323071e-8","7.495007529173979","551","17","10","14819","PCDHA2,PCDHA1,PCDHA3,PCDHA5,PCDHA6,PCDHA7,PCDHA8,PCDHA10,PCDHA11,PCDHA13"
